{
    "0": {
        "accuracy": 0.2527881040892193,
        "f1": 0.4,
        "precision": 0.25,
        "recall": 1.0
    },
    "1": {
        "accuracy": 0.25464684014869887,
        "f1": 0.4005979073243648,
        "precision": 0.2504672897196262,
        "recall": 1.0
    },
    "2": {
        "accuracy": 0.24907063197026022,
        "f1": 0.3988095238095238,
        "precision": 0.24907063197026022,
        "recall": 1.0
    },
    "3": {
        "accuracy": 0.32342007434944237,
        "f1": 0.3614035087719298,
        "precision": 0.23623853211009174,
        "recall": 0.7686567164179104
    },
    "4": {
        "accuracy": 0.25650557620817843,
        "f1": 0.39759036144578314,
        "precision": 0.2490566037735849,
        "recall": 0.9850746268656716
    },
    "mean": {
        "accuracy": 0.26728624535315987,
        "f1": 0.3916802602703203,
        "precision": 0.2469666115147126,
        "recall": 0.9507462686567164
    }
}