{
    "0": {
        "accuracy": 0.2581444759206799,
        "f1": 0.3953823953823954,
        "precision": 0.24827836172526277,
        "recall": 0.9702549575070821
    },
    "1": {
        "accuracy": 0.25247875354107646,
        "f1": 0.39633971975979415,
        "precision": 0.24829810103905411,
        "recall": 0.9815864022662889
    },
    "2": {
        "accuracy": 0.25,
        "f1": 0.4,
        "precision": 0.25,
        "recall": 1.0
    },
    "3": {
        "accuracy": 0.4776912181303116,
        "f1": 0.3464776251661497,
        "precision": 0.25209542230818827,
        "recall": 0.5538243626062322
    },
    "4": {
        "accuracy": 0.2847025495750708,
        "f1": 0.3970149253731344,
        "precision": 0.25151285930408473,
        "recall": 0.9419263456090652
    },
    "mean": {
        "accuracy": 0.30460339943342774,
        "f1": 0.3870429331362947,
        "precision": 0.25003694887531797,
        "recall": 0.8895184135977336
    }
}