{
    "0": {
        "accuracy": 0.24907063197026022,
        "f1": 0.3988095238095238,
        "precision": 0.24907063197026022,
        "recall": 1.0
    },
    "1": {
        "accuracy": 0.24907063197026022,
        "f1": 0.3988095238095238,
        "precision": 0.24907063197026022,
        "recall": 1.0
    },
    "2": {
        "accuracy": 0.24907063197026022,
        "f1": 0.3988095238095238,
        "precision": 0.24907063197026022,
        "recall": 1.0
    },
    "3": {
        "accuracy": 0.24907063197026022,
        "f1": 0.3988095238095238,
        "precision": 0.24907063197026022,
        "recall": 1.0
    },
    "4": {
        "accuracy": 0.24907063197026022,
        "f1": 0.3988095238095238,
        "precision": 0.24907063197026022,
        "recall": 1.0
    },
    "mean": {
        "accuracy": 0.2490706319702602,
        "f1": 0.3988095238095238,
        "precision": 0.2490706319702602,
        "recall": 1.0
    }
}