{
    "0": {
        "accuracy": 0.24907063197026022,
        "f1": 0.3988095238095238,
        "precision": 0.24907063197026022,
        "recall": 1.0
    },
    "1": {
        "accuracy": 0.24907063197026022,
        "f1": 0.3988095238095238,
        "precision": 0.24907063197026022,
        "recall": 1.0
    },
    "2": {
        "accuracy": 0.25092936802973975,
        "f1": 0.3994038748137108,
        "precision": 0.24953445065176907,
        "recall": 1.0
    },
    "3": {
        "accuracy": 0.24907063197026022,
        "f1": 0.3988095238095238,
        "precision": 0.24907063197026022,
        "recall": 1.0
    },
    "4": {
        "accuracy": 0.24907063197026022,
        "f1": 0.3988095238095238,
        "precision": 0.24907063197026022,
        "recall": 1.0
    },
    "mean": {
        "accuracy": 0.24944237918215614,
        "f1": 0.3989283940103612,
        "precision": 0.24916339570656199,
        "recall": 1.0
    }
}