{
    "0": {
        "accuracy": 0.25,
        "f1": 0.4,
        "precision": 0.25,
        "recall": 1.0
    },
    "1": {
        "accuracy": 0.25,
        "f1": 0.4,
        "precision": 0.25,
        "recall": 1.0
    },
    "2": {
        "accuracy": 0.2507082152974504,
        "f1": 0.40022675736961455,
        "precision": 0.25017717930545713,
        "recall": 1.0
    },
    "3": {
        "accuracy": 0.24929178470254956,
        "f1": 0.39875212705615426,
        "precision": 0.24929078014184397,
        "recall": 0.9957507082152974
    },
    "4": {
        "accuracy": 0.25035410764872523,
        "f1": 0.4001133465570983,
        "precision": 0.2500885582713425,
        "recall": 1.0
    },
    "mean": {
        "accuracy": 0.250070821529745,
        "f1": 0.3998184461965734,
        "precision": 0.24991130354372873,
        "recall": 0.9991501416430595
    }
}