{
    "0": {
        "accuracy": 0.29745042492917845,
        "f1": 0.397692774741955,
        "precision": 0.25309119010819164,
        "recall": 0.9277620396600567
    },
    "1": {
        "accuracy": 0.30347025495750707,
        "f1": 0.3938366718027735,
        "precision": 0.25167388735722723,
        "recall": 0.9050991501416431
    },
    "2": {
        "accuracy": 0.25035410764872523,
        "f1": 0.4001133465570983,
        "precision": 0.2500885582713425,
        "recall": 1.0
    },
    "3": {
        "accuracy": 0.26416430594900847,
        "f1": 0.39872685185185186,
        "precision": 0.25054545454545457,
        "recall": 0.9759206798866855
    },
    "4": {
        "accuracy": 0.5672804532577904,
        "f1": 0.28870779976717115,
        "precision": 0.2450592885375494,
        "recall": 0.35127478753541075
    },
    "mean": {
        "accuracy": 0.3365439093484419,
        "f1": 0.37581548894416994,
        "precision": 0.2500916757639531,
        "recall": 0.8320113314447593
    }
}