{
    "0": {
        "accuracy": 0.24907063197026022,
        "f1": 0.3860182370820668,
        "precision": 0.24236641221374045,
        "recall": 0.9477611940298507
    },
    "1": {
        "accuracy": 0.241635687732342,
        "f1": 0.3703703703703704,
        "precision": 0.23346303501945526,
        "recall": 0.8955223880597015
    },
    "2": {
        "accuracy": 0.24907063197026022,
        "f1": 0.3988095238095238,
        "precision": 0.24907063197026022,
        "recall": 1.0
    },
    "3": {
        "accuracy": 0.25092936802973975,
        "f1": 0.3994038748137108,
        "precision": 0.24953445065176907,
        "recall": 1.0
    },
    "4": {
        "accuracy": 0.31970260223048325,
        "f1": 0.3879598662207358,
        "precision": 0.25,
        "recall": 0.8656716417910447
    },
    "mean": {
        "accuracy": 0.2620817843866171,
        "f1": 0.3885123744592815,
        "precision": 0.244886905971045,
        "recall": 0.9417910447761194
    }
}