{
    "nb_BoW_accuracy": 0.8531598513011153,
    "nb_BoW_f1": 0.6721991701244814,
    "nb_BoW_precision": 0.7570093457943925,
    "nb_BoW_recall": 0.6044776119402985,
    "svm_BoW_accuracy": 0.8513011152416357,
    "svm_BoW_f1": 0.68503937007874,
    "svm_BoW_precision": 0.725,
    "svm_BoW_recall": 0.6492537313432836,
    "lr_BoW_accuracy": 0.8568773234200744,
    "lr_BoW_f1": 0.7072243346007605,
    "lr_BoW_precision": 0.7209302325581395,
    "lr_BoW_recall": 0.6940298507462687,
    "nb_TFIDF_accuracy": 0.8308550185873605,
    "nb_TFIDF_f1": 0.5603864734299516,
    "nb_TFIDF_precision": 0.7945205479452054,
    "nb_TFIDF_recall": 0.43283582089552236,
    "svm_TFIDF_accuracy": 0.862453531598513,
    "svm_TFIDF_f1": 0.6782608695652174,
    "svm_TFIDF_precision": 0.8125,
    "svm_TFIDF_recall": 0.582089552238806,
    "lr_TFIDF_accuracy": 0.8661710037174721,
    "lr_TFIDF_f1": 0.7142857142857143,
    "lr_TFIDF_precision": 0.7627118644067796,
    "lr_TFIDF_recall": 0.6716417910447762
}