{
    "nb_BoW_accuracy": 0.7889518413597734,
    "nb_BoW_f1": 0.4591651542649728,
    "nb_BoW_precision": 0.6388888888888888,
    "nb_BoW_recall": 0.358356940509915,
    "svm_BoW_accuracy": 0.785056657223796,
    "svm_BoW_f1": 0.4031465093411996,
    "svm_BoW_precision": 0.6591639871382636,
    "svm_BoW_recall": 0.29036827195467424,
    "lr_BoW_accuracy": 0.78328611898017,
    "lr_BoW_f1": 0.4839797639123103,
    "lr_BoW_precision": 0.5979166666666667,
    "lr_BoW_recall": 0.4065155807365439,
    "nb_TFIDF_accuracy": 0.7776203966005666,
    "nb_TFIDF_f1": 0.34989648033126297,
    "nb_TFIDF_precision": 0.65,
    "nb_TFIDF_recall": 0.23937677053824363,
    "svm_TFIDF_accuracy": 0.7885977337110481,
    "svm_TFIDF_f1": 0.44670991658943465,
    "svm_TFIDF_precision": 0.646112600536193,
    "svm_TFIDF_recall": 0.3413597733711048,
    "lr_TFIDF_accuracy": 0.7829320113314447,
    "lr_TFIDF_f1": 0.4887406171809842,
    "lr_TFIDF_precision": 0.5943204868154158,
    "lr_TFIDF_recall": 0.415014164305949
}