{
    "0": {
        "accuracy": 0.39412181303116145,
        "f1": 0.4002804065895548,
        "precision": 0.26595249184909175,
        "recall": 0.8087818696883853
    },
    "1": {
        "accuracy": 0.3810198300283286,
        "f1": 0.39972527472527475,
        "precision": 0.2638259292837715,
        "recall": 0.8243626062322946
    },
    "2": {
        "accuracy": 0.25,
        "f1": 0.4,
        "precision": 0.25,
        "recall": 1.0
    },
    "3": {
        "accuracy": 0.25,
        "f1": 0.4,
        "precision": 0.25,
        "recall": 1.0
    },
    "4": {
        "accuracy": 0.25247875354107646,
        "f1": 0.4001136686558681,
        "precision": 0.25026661926768573,
        "recall": 0.9971671388101983
    },
    "mean": {
        "accuracy": 0.30552407932011333,
        "f1": 0.4000238699941395,
        "precision": 0.2560090080801098,
        "recall": 0.9260623229461757
    }
}