{
    "0": {
        "accuracy": 0.25650557620817843,
        "f1": 0.36507936507936506,
        "precision": 0.2318548387096774,
        "recall": 0.8582089552238806
    },
    "1": {
        "accuracy": 0.26022304832713755,
        "f1": 0.36217948717948717,
        "precision": 0.23061224489795917,
        "recall": 0.8432835820895522
    },
    "2": {
        "accuracy": 0.24907063197026022,
        "f1": 0.3988095238095238,
        "precision": 0.24907063197026022,
        "recall": 1.0
    },
    "3": {
        "accuracy": 0.24907063197026022,
        "f1": 0.3988095238095238,
        "precision": 0.24907063197026022,
        "recall": 1.0
    },
    "4": {
        "accuracy": 0.24907063197026022,
        "f1": 0.3988095238095238,
        "precision": 0.24907063197026022,
        "recall": 1.0
    },
    "mean": {
        "accuracy": 0.25278810408921937,
        "f1": 0.3847374847374847,
        "precision": 0.24193579590368347,
        "recall": 0.9402985074626866
    }
}