{
    "0": {
        "accuracy": 0.24907063197026022,
        "f1": 0.3988095238095238,
        "precision": 0.24907063197026022,
        "recall": 1.0
    },
    "1": {
        "accuracy": 0.24907063197026022,
        "f1": 0.3988095238095238,
        "precision": 0.24907063197026022,
        "recall": 1.0
    },
    "2": {
        "accuracy": 0.25092936802973975,
        "f1": 0.3976083707025411,
        "precision": 0.2485981308411215,
        "recall": 0.9925373134328358
    },
    "3": {
        "accuracy": 0.24907063197026022,
        "f1": 0.3988095238095238,
        "precision": 0.24907063197026022,
        "recall": 1.0
    },
    "4": {
        "accuracy": 0.24907063197026022,
        "f1": 0.3988095238095238,
        "precision": 0.24907063197026022,
        "recall": 1.0
    },
    "mean": {
        "accuracy": 0.24944237918215614,
        "f1": 0.3985692931881272,
        "precision": 0.24897613174443248,
        "recall": 0.9985074626865671
    }
}