{
    "0": {
        "accuracy": 0.25,
        "f1": 0.4,
        "precision": 0.25,
        "recall": 1.0
    },
    "1": {
        "accuracy": 0.25,
        "f1": 0.4,
        "precision": 0.25,
        "recall": 1.0
    },
    "2": {
        "accuracy": 0.25672804532577903,
        "f1": 0.3949264917843759,
        "precision": 0.24791892870068766,
        "recall": 0.9702549575070821
    },
    "3": {
        "accuracy": 0.25,
        "f1": 0.4,
        "precision": 0.25,
        "recall": 1.0
    },
    "4": {
        "accuracy": 0.25106232294617564,
        "f1": 0.400340232492203,
        "precision": 0.250265863169089,
        "recall": 1.0
    },
    "mean": {
        "accuracy": 0.2515580736543909,
        "f1": 0.3990533448553158,
        "precision": 0.24963695837395533,
        "recall": 0.9940509915014164
    }
}