{
    "0": {
        "accuracy": 0.2521246458923513,
        "f1": 0.398633257403189,
        "precision": 0.2494654312188168,
        "recall": 0.9915014164305949
    },
    "1": {
        "accuracy": 0.2531869688385269,
        "f1": 0.3996584116140051,
        "precision": 0.2500890630566441,
        "recall": 0.9943342776203966
    },
    "2": {
        "accuracy": 0.25106232294617564,
        "f1": 0.400340232492203,
        "precision": 0.250265863169089,
        "recall": 1.0
    },
    "3": {
        "accuracy": 0.33746458923512745,
        "f1": 0.37024570851565125,
        "precision": 0.24282560706401765,
        "recall": 0.7790368271954674
    },
    "4": {
        "accuracy": 0.2747875354107649,
        "f1": 0.40326340326340326,
        "precision": 0.2538517975055026,
        "recall": 0.9801699716713881
    },
    "mean": {
        "accuracy": 0.27372521246458925,
        "f1": 0.3944282026576903,
        "precision": 0.24929955240281404,
        "recall": 0.9490084985835694
    }
}