{
    "0": {
        "accuracy": 0.25092936802973975,
        "f1": 0.3994038748137108,
        "precision": 0.24953445065176907,
        "recall": 1.0
    },
    "1": {
        "accuracy": 0.25092936802973975,
        "f1": 0.3994038748137108,
        "precision": 0.24953445065176907,
        "recall": 1.0
    },
    "2": {
        "accuracy": 0.24907063197026022,
        "f1": 0.3988095238095238,
        "precision": 0.24907063197026022,
        "recall": 1.0
    },
    "3": {
        "accuracy": 0.2936802973977695,
        "f1": 0.39873417721518983,
        "precision": 0.25301204819277107,
        "recall": 0.9402985074626866
    },
    "4": {
        "accuracy": 0.25092936802973975,
        "f1": 0.3976083707025411,
        "precision": 0.2485981308411215,
        "recall": 0.9925373134328358
    },
    "mean": {
        "accuracy": 0.2591078066914498,
        "f1": 0.3987919642709353,
        "precision": 0.2499499424615382,
        "recall": 0.9865671641791044
    }
}