{
    "0": {
        "accuracy": 0.37606232294617564,
        "f1": 0.4019008825526137,
        "precision": 0.2642857142857143,
        "recall": 0.8385269121813032
    },
    "1": {
        "accuracy": 0.3562322946175637,
        "f1": 0.4154340836012862,
        "precision": 0.2687188019966722,
        "recall": 0.9150141643059491
    },
    "2": {
        "accuracy": 0.25,
        "f1": 0.4,
        "precision": 0.25,
        "recall": 1.0
    },
    "3": {
        "accuracy": 0.25,
        "f1": 0.4,
        "precision": 0.25,
        "recall": 1.0
    },
    "4": {
        "accuracy": 0.29674220963172804,
        "f1": 0.4007242003621002,
        "precision": 0.254601226993865,
        "recall": 0.9405099150141643
    },
    "mean": {
        "accuracy": 0.3058073654390935,
        "f1": 0.40361183330320005,
        "precision": 0.2575211486552503,
        "recall": 0.9388101983002833
    }
}