{
    "0": {
        "accuracy": 0.25464684014869887,
        "f1": 0.3933434190620272,
        "precision": 0.24667931688804554,
        "recall": 0.9701492537313433
    },
    "1": {
        "accuracy": 0.258364312267658,
        "f1": 0.39636913767019666,
        "precision": 0.24857685009487665,
        "recall": 0.9776119402985075
    },
    "2": {
        "accuracy": 0.24907063197026022,
        "f1": 0.3988095238095238,
        "precision": 0.24907063197026022,
        "recall": 1.0
    },
    "3": {
        "accuracy": 0.24907063197026022,
        "f1": 0.3988095238095238,
        "precision": 0.24907063197026022,
        "recall": 1.0
    },
    "4": {
        "accuracy": 0.25464684014869887,
        "f1": 0.39699248120300756,
        "precision": 0.24858757062146894,
        "recall": 0.9850746268656716
    },
    "mean": {
        "accuracy": 0.25315985130111524,
        "f1": 0.39686481711085575,
        "precision": 0.24839700030898232,
        "recall": 0.9865671641791044
    }
}